insert into patient(patient_first_name, patient_last_name, patient_id) values ("Hronicarka", "Hronicarkic", 5);
insert into chart(chart_id, patient_patient_id) values (5, 5);

insert into examination(exam_id, exam_date, disease_disease_id, doctor_doctor_licence_id, prescription_prescription_id) values  (51, "2016-09-12", 8, 2, 6);
insert into examination(exam_id, exam_date, disease_disease_id, doctor_doctor_licence_id, prescription_prescription_id) values  (52, "2016-12-12", 8, 2, 6);
insert into examination(exam_id, exam_date, disease_disease_id, doctor_doctor_licence_id, prescription_prescription_id) values  (53, "2017-02-12", 8, 2, 6);
insert into examination(exam_id, exam_date, disease_disease_id, doctor_doctor_licence_id, prescription_prescription_id) values  (54, "2017-05-12", 8, 2, 6);
insert into examination(exam_id, exam_date, disease_disease_id, doctor_doctor_licence_id, prescription_prescription_id) values  (55, "2017-07-12", 8, 2, 6);
insert into examination(exam_id, exam_date, disease_disease_id, doctor_doctor_licence_id, prescription_prescription_id) values  (56, "2017-10-12", 8, 2, 6);
insert into examination(exam_id, exam_date, disease_disease_id, doctor_doctor_licence_id, prescription_prescription_id) values  (57, "2017-12-12", 8, 2, 6);
insert into examination(exam_id, exam_date, disease_disease_id, doctor_doctor_licence_id, prescription_prescription_id) values  (58, "2018-03-12", 8, 2, 6);
insert into examination(exam_id, exam_date, disease_disease_id, doctor_doctor_licence_id, prescription_prescription_id) values  (59, "2018-05-12", 8, 2, 6);

insert into exam_symptoms(exam_id, symptoms_id) values (51, 19);
insert into exam_symptoms(exam_id, symptoms_id) values (51, 20);
insert into exam_symptoms(exam_id, symptoms_id) values (51, 21);
insert into exam_symptoms(exam_id, symptoms_id) values (52, 19);
insert into exam_symptoms(exam_id, symptoms_id) values (52, 20);
insert into exam_symptoms(exam_id, symptoms_id) values (52, 21);
insert into exam_symptoms(exam_id, symptoms_id) values (53, 19);
insert into exam_symptoms(exam_id, symptoms_id) values (53, 20);
insert into exam_symptoms(exam_id, symptoms_id) values (53, 21);
insert into exam_symptoms(exam_id, symptoms_id) values (54, 19);
insert into exam_symptoms(exam_id, symptoms_id) values (54, 20);
insert into exam_symptoms(exam_id, symptoms_id) values (54, 21);
insert into exam_symptoms(exam_id, symptoms_id) values (55, 19);
insert into exam_symptoms(exam_id, symptoms_id) values (55, 20);
insert into exam_symptoms(exam_id, symptoms_id) values (55, 21);
insert into exam_symptoms(exam_id, symptoms_id) values (56, 19);
insert into exam_symptoms(exam_id, symptoms_id) values (56, 20);
insert into exam_symptoms(exam_id, symptoms_id) values (56, 21);
insert into exam_symptoms(exam_id, symptoms_id) values (57, 19);
insert into exam_symptoms(exam_id, symptoms_id) values (57, 20);
insert into exam_symptoms(exam_id, symptoms_id) values (57, 21);
insert into exam_symptoms(exam_id, symptoms_id) values (58, 19);
insert into exam_symptoms(exam_id, symptoms_id) values (58, 20);
insert into exam_symptoms(exam_id, symptoms_id) values (58, 21);
insert into exam_symptoms(exam_id, symptoms_id) values (59, 19);
insert into exam_symptoms(exam_id, symptoms_id) values (59, 20);
insert into exam_symptoms(exam_id, symptoms_id) values (59, 21);

insert into chart_exams(chart_id, exam_id) values (5, 51);
insert into chart_exams(chart_id, exam_id) values (5, 52);
insert into chart_exams(chart_id, exam_id) values (5, 53);
insert into chart_exams(chart_id, exam_id) values (5, 54);
insert into chart_exams(chart_id, exam_id) values (5, 55);
insert into chart_exams(chart_id, exam_id) values (5, 56);
insert into chart_exams(chart_id, exam_id) values (5, 57);
insert into chart_exams(chart_id, exam_id) values (5, 58);
insert into chart_exams(chart_id, exam_id) values (5, 59);