insert into patient(patient_first_name, patient_last_name) values ("Bolesnik", "Bolesnic");
insert into chart(chart_id, patient_patient_id) values (7, 7);

insert into examination(exam_id, exam_date, disease_disease_id, doctor_doctor_licence_id, prescription_prescription_id) values  (71, "2017-09-01", 5, 4, 1);
insert into examination(exam_id, exam_date, disease_disease_id, doctor_doctor_licence_id, prescription_prescription_id) values  (72, "2017-10-01", 4, 4, 1);
insert into examination(exam_id, exam_date, disease_disease_id, doctor_doctor_licence_id, prescription_prescription_id) values  (73, "2017-11-01", 4, 4, 1);
insert into examination(exam_id, exam_date, disease_disease_id, doctor_doctor_licence_id, prescription_prescription_id) values  (74, "2017-12-01", 5, 4, 1);
insert into examination(exam_id, exam_date, disease_disease_id, doctor_doctor_licence_id, prescription_prescription_id) values  (75, "2017-01-01", 5, 4, 1);
insert into examination(exam_id, exam_date, disease_disease_id, doctor_doctor_licence_id, prescription_prescription_id) values  (76, "2018-02-01", 4, 4, 1);
insert into examination(exam_id, exam_date, disease_disease_id, doctor_doctor_licence_id, prescription_prescription_id) values  (77, "2018-03-01", 4, 4, 1);
insert into examination(exam_id, exam_date, disease_disease_id, doctor_doctor_licence_id, prescription_prescription_id) values  (78, "2018-04-01", 5, 4, 1);
insert into examination(exam_id, exam_date, disease_disease_id, doctor_doctor_licence_id, prescription_prescription_id) values  (79, "2018-05-01", 5, 4, 1);
insert into examination(exam_id, exam_date, disease_disease_id, doctor_doctor_licence_id, prescription_prescription_id) values  (80, "2018-06-01", 4, 4, 1);

insert into exam_symptoms(exam_id, symptoms_id) values (71, 1);
insert into exam_symptoms(exam_id, symptoms_id) values (71, 5);
insert into exam_symptoms(exam_id, symptoms_id) values (71, 7);
insert into exam_symptoms(exam_id, symptoms_id) values (71, 11);

insert into exam_symptoms(exam_id, symptoms_id) values (72, 1);
insert into exam_symptoms(exam_id, symptoms_id) values (72, 5);
insert into exam_symptoms(exam_id, symptoms_id) values (72, 7);
insert into exam_symptoms(exam_id, symptoms_id) values (72, 11);

insert into exam_symptoms(exam_id, symptoms_id) values (73, 1);
insert into exam_symptoms(exam_id, symptoms_id) values (73, 5);
insert into exam_symptoms(exam_id, symptoms_id) values (73, 7);
insert into exam_symptoms(exam_id, symptoms_id) values (73, 11);

insert into exam_symptoms(exam_id, symptoms_id) values (74, 1);
insert into exam_symptoms(exam_id, symptoms_id) values (74, 5);
insert into exam_symptoms(exam_id, symptoms_id) values (74, 7);
insert into exam_symptoms(exam_id, symptoms_id) values (74, 11);

insert into exam_symptoms(exam_id, symptoms_id) values (75, 1);
insert into exam_symptoms(exam_id, symptoms_id) values (75, 5);
insert into exam_symptoms(exam_id, symptoms_id) values (75, 7);
insert into exam_symptoms(exam_id, symptoms_id) values (75, 11);

insert into exam_symptoms(exam_id, symptoms_id) values (76, 1);
insert into exam_symptoms(exam_id, symptoms_id) values (76, 5);
insert into exam_symptoms(exam_id, symptoms_id) values (76, 7);
insert into exam_symptoms(exam_id, symptoms_id) values (76, 11);

insert into exam_symptoms(exam_id, symptoms_id) values (77, 1);
insert into exam_symptoms(exam_id, symptoms_id) values (77, 5);
insert into exam_symptoms(exam_id, symptoms_id) values (77, 7);
insert into exam_symptoms(exam_id, symptoms_id) values (77, 11);

insert into exam_symptoms(exam_id, symptoms_id) values (78, 1);
insert into exam_symptoms(exam_id, symptoms_id) values (78, 5);
insert into exam_symptoms(exam_id, symptoms_id) values (78, 7);
insert into exam_symptoms(exam_id, symptoms_id) values (78, 11);

insert into exam_symptoms(exam_id, symptoms_id) values (79, 1);
insert into exam_symptoms(exam_id, symptoms_id) values (79, 5);
insert into exam_symptoms(exam_id, symptoms_id) values (79, 7);
insert into exam_symptoms(exam_id, symptoms_id) values (79, 11);

insert into exam_symptoms(exam_id, symptoms_id) values (80, 1);
insert into exam_symptoms(exam_id, symptoms_id) values (80, 5);
insert into exam_symptoms(exam_id, symptoms_id) values (80, 7);
insert into exam_symptoms(exam_id, symptoms_id) values (80, 11);

insert into chart_exams(chart_id, exam_id) values (7, 71);
insert into chart_exams(chart_id, exam_id) values (7, 72);
insert into chart_exams(chart_id, exam_id) values (7, 73);
insert into chart_exams(chart_id, exam_id) values (7, 74);
insert into chart_exams(chart_id, exam_id) values (7, 75);
insert into chart_exams(chart_id, exam_id) values (7, 76);
insert into chart_exams(chart_id, exam_id) values (7, 77);
insert into chart_exams(chart_id, exam_id) values (7, 78);
insert into chart_exams(chart_id, exam_id) values (7, 79);
insert into chart_exams(chart_id, exam_id) values (7, 80);